				
[http://www.badstore.net/ BadStore]	Perl(CGI)			
[https://github.com/psiinon/bodgeit BodgeIt Store ]	Java	[https://github.com/psiinon/bodgeit/releases/latest download] [https://hub.docker.com/r/psiinon/bodgeit docker]		
[http://sechow.com/bricks/index.html Bricks ]	PHP	[http://sechow.com/bricks/download.html download] [http://sechow.com/bricks/docs/ docs]	OWASP	
[http://sourceforge.net/projects/thebutterflytmp/files/ButterFly%20Project/ Butterfly Security Project]	PHP	[http://sourceforge.net/projects/thebutterflytmp/files/ download]		Last updated in 2008
[http://www.itsecgames.com/ bWAPP ]	PHP	[http://sourceforge.net/projects/bwapp/files/ download] [http://itsecgames.blogspot.be/2013/01/bwapp-installation.html docs]		
[https://github.com/fridaygoldsmith/bwa_cyclone_transfers Cyclone Transfers ]	Ruby on Rails			
[https://github.com/quantumfoam/DVNA/ Damn Vulnerable Node Application - DVNA ]	Node.js	[https://github.com/quantumfoam/DVNA/ download]	Claudio Lacayo	
[http://www.dvwa.co.uk/ Damn Vulnerable Web Application - DVWA ]	PHP	[http://code.google.com/p/dvwa/downloads/list download]	RandomStorm	
[http://dvws.secureideas.net/ Damn Vulnerable Web Services - DVWS ]	PHP	[http://dvws.secureideas.net/downloads/files/dvws.tgz download]	Secure Ideas	
[http://google-gruyere.appspot.com/ Gruyere ]	Python	[http://google-gruyere.appspot.com/gruyere-code.zip download]	Google	
[https://www.owasp.org/index.php/OWASP_Hackademic_Challenges_Project Hackademic Challenges Project ]	PHP	[https://code.google.com/p/owasp-hackademic-challenges/ download]	OWASP	
[http://www.mcafee.com/us/downloads/free-tools/hacme-bank-android.aspx Hacme Bank - Android]			McAfee / Foundstone	
[http://www.mcafee.com/us/downloads/free-tools/hacme-bank.aspx Hacme Bank ]	.NET	[http://www.mcafee.com/apps/free-tools/termsofuse.aspx?url=/us/downloads/free-tools/hacme-bank.aspx download]	McAfee / Foundstone	
[http://www.mcafee.com/us/downloads/free-tools/hacmebooks.aspx Hacme Books ]	Java	[http://www.mcafee.com/apps/free-tools/termsofuse.aspx?url=/us/downloads/free-tools/hacmebooks.aspx download]	McAfee / Foundstone	
[http://www.mcafee.com/us/downloads/free-tools/hacme-casino.aspx Hacme Casino ]	Ruby on Rails	[http://www.mcafee.com/apps/free-tools/termsofuse.aspx?url=/us/downloads/free-tools/hacme-casino.aspx download]	McAfee / Foundstone	
[http://www.mcafee.com/us/downloads/free-tools/hacmeshipping.aspx Hacme Shipping ]	ColdFusion	[http://www.mcafee.com/apps/free-tools/termsofuse.aspx?url=/us/downloads/free-tools/hacmeshipping.aspx download]	McAfee / Foundstone	
[http://www.mcafee.com/us/downloads/free-tools/hacmetravel.aspx Hacme Travel ]	C++	[http://www.mcafee.com/apps/free-tools/termsofuse.aspx?url=/us/downloads/free-tools/hacmetravel.aspx download]	McAfee / Foundstone	
[http://hackxor.sourceforge.net/cgi-bin/index.pl hackxor]				First 2 levels online, rest offline
[https://www.owasp.org/index.php/OWASP_Juice_Shop_Project Juice Shop]	Javascript	[https://github.com/bkimminich/juice-shop download] [https://hub.docker.com/r/bkimminich/juice-shop/ docker] [https://www.gitbook.com/book/bkimminich/pwning-owasp-juice-shop guide]	OWASP	
[http://sourceforge.net/projects/lampsecurity/ LampSecurity]	PHP			
[http://www.irongeek.com/i.php?page=mutillidae/mutillidae-deliberately-vulnerable-php-owasp-top-10 Mutillidae ]	PHP	[http://www.irongeek.com/mutillidae/ download]		
[https://github.com/jerryhoff/WebGoat.NET .NET Goat ]	C#	[https://github.com/jerryhoff/WebGoat.NET git repository]	OWASP	
[https://www.owasp.org/index.php/OWASP_Node_js_Goat_Project NodeGoat ]	Node.js	[https://github.com/OWASP/NodeGoat git repository]	OWASP	
[http://peruggia.sourceforge.net/ Peruggia ]	PHP	[http://sourceforge.net/projects/peruggia/files/ download]		
[https://code.google.com/p/puzzlemall/ Puzzlemall ]	Java	[https://code.google.com/p/puzzlemall/downloads/list download] [https://code.google.com/p/puzzlemall/downloads/list docs]		
[https://www.owasp.org/index.php/OWASP_Rails_Goat_Project Rails Goat ]	Ruby on Rails	[https://github.com/OWASP/railsgoat/archive/master.zip download] [http://railsgoat.cktricky.com/getting_started.html docs]	OWASP	
[http://suif.stanford.edu/%7Elivshits/securibench/ SecuriBench]	Java		Stanford	
[http://suif.stanford.edu/%7Elivshits/work/securibench-micro/ SecuriBench Micro]	Java	[http://suif.stanford.edu/~livshits/securibench/download.html download]	Stanford	
[https://www.owasp.org/index.php/OWASP_Security_Shepherd Security Shepherd]	Java	[https://sourceforge.net/projects/owaspshepherd/ download]	OWASP	
[https://github.com/sqlmapproject/testenv SQL injection test environment]	PHP			SQLmap Project
[https://github.com/Audi-1/sqli-labs SQLI-labs]	PHP	[https://github.com/Audi-1/sqli-labs/archive/master.zip download] [http://dummy2dummies.blogspot.com/ blog]		
[https://github.com/SpiderLabs/SQLol SQLol ]	PHP	[https://github.com/SpiderLabs/SQLol/archive/master.zip download]		
[https://github.com/SpiderLabs/SQLol SQLol ]	PHP	[https://github.com/SpiderLabs/SQLol/archive/master.zip download]		
[https://github.com/dhatanian/ticketmagpie TicketMagpie ]	Java	[https://github.com/dhatanian/ticketmagpie download]		
[https://github.com/sakti/twitterlike twitterlike ]	PHP	[https://github.com/sakti/twitterlike git repository]	Sakti Dwi Cahyono
[https://github.com/mattvaldes/vulnerable-api vulnerable-api]	Python	[https://github.com/mattvaldes/vulnerable-api git repository]	Matthew Valdes	
[http://www.nth-dimension.org.uk/blog.php?id=88 VulnApp ]	.NET	[http://projects.nth-dimension.org.uk/dir?d=VulnApp CVS download] [http://projects.nth-dimension.org.uk/rptview?rn=6 vulns]		
[http://exploit.co.il/hacking/exploit-kb-vulnerable-web-app/ Vulnerable Web App]			Exploit.co.il	
[https://github.com/adamdoupe/WackoPicko WackoPicko ]	PHP	[https://github.com/adamdoupe/WackoPicko/zipball/master download] [http://cs.ucsb.edu/~adoupe/static/black-box-scanners-dimva2010.pdf whitepaper]		
[https://github.com/sectooladdict/wavsep WAVSEP - Web Application Vulnerability Scanner Evaluation Project ]	Java	[https://sourceforge.net/projects/wavsep/ download (builds)] [https://code.google.com/p/wavsep/downloads/list download (old)] [https://github.com/sectooladdict/wavsep/wiki wiki]	Shay Chen	
[https://www.owasp.org/index.php/Category:OWASP_WebGoat_Project WebGoat ]	Java	[http://code.google.com/p/webgoat/downloads/list download] [https://www.owasp.org/index.php/WebGoat_User_and_Install_Guide_Table_of_Contents guide]	OWASP	
[https://www.owasp.org/index.php/WebGoatPHP WebGoatPHP ]	PHP	[https://github.com/OWASP/OWASPWebGoatPHP download] [https://github.com/OWASP/OWASPWebGoatPHP/blob/master/README.md guide]	OWASP	
[https://code.google.com/p/wivet/ WIVET&nbsp;- Web Input Vector Extractor Teaser]		[http://www.webguvenligi.org/projeler/wivet download] [https://code.google.com/p/wivet/downloads/list?can=1&amp;q= tests]		
[https://github.com/s4n7h0/xvwa Xtreme Vulnerable Web Application (XVWA)]	PHP/MySQL	[https://github.com/s4n7h0/xvwa download]	@s4n7h0, @samanL33T	
