{
    "$schema": "http://json-schema.org/draft-04/schema#",
    "title": "Vulnerability matchers for an intentionally vulnerable web application",
    "type": "object",
    "properties": {
        "application": { "description": "The unique name of the vulnerable web application", "type": "string" },
        "vulnerabilities": {
                "type": "array",
                "items": {
                    "type": "object",
                    "properties": {
                        "type" : { "enum": [ "xss", "sqli", "crypto", "access", "hash", "session", "csrf", "trustbound", "redirect", "leakage" ] },
                        "flags": {
                          "type": "array",
                          "items": {
                              "type": "string"
                          },
                          "minItems": 1,
                          "uniqueItems": true
                        }
                    },
                    "required": ["type", "flags"]
                },
                "uniqueItems": true
            }
    },
    "required": ["application", "vulnerabilities"]
}
