[
	{
		"url": "http://testphp.vulnweb.com",
		"name": "Acuart",
		"technology": [
			"PHP"
		],
		"references": [],
		"author": "Acunetix",
		"notes": "Art shopping"
	},
	{
		"url": "http://testaspnet.vulnweb.com/",
		"name": "Acublog",
		"technology": [
			".NET"
		],
		"references": [],
		"author": "Acunetix",
		"notes": "Blog"
	},
	{
		"url": "http://testasp.vulnweb.com/",
		"name": "Acuforum",
		"technology": [
			"ASP"
		],
		"references": [],
		"author": "Acunetix",
		"notes": "Forum"
	},
	{
		"url": "http://demo.testfire.net/",
		"name": "Altoro Mutual",
		"technology": [],
		"references": [],
		"author": "IBM/Watchfire",
		"notes": "(jsmith/Demo1234)"
	},
	{
		"url": "http://www.bgabank.com/",
		"name": "BGA Vulnerable BANK App",
		"technology": [
			".NET"
		],
		"references": [],
		"author": "BGA Security",
		"notes": null
	},
	{
		"url": "http://crackme.trustwave.com/",
		"name": "Crack Me Bank",
		"technology": [],
		"references": [],
		"author": "Trustwave",
		"notes": null
	},
	{
		"url": "http://enigmagroup.org/",
		"name": "Enigma Group",
		"technology": [],
		"references": [],
		"author": "Enigma Group",
		"notes": null
	},
	{
		"url": "http://google-gruyere.appspot.com/",
		"name": "Gruyere",
		"technology": [
			"Python"
		],
		"references": [],
		"author": "Google",
		"notes": null
	},
	{
		"url": "https://public-firing-range.appspot.com/",
		"name": "Firing Range",
		"technology": [],
		"references": [
			{
				"Name": "download",
				"URL": "https://github.com/google/firing-range"
			}
		],
		"author": "Google",
		"notes": null
	},
	{
		"url": "http://hackademic1.teilar.gr",
		"name": "Hackademic Challenges Project",
		"technology": [
			"PHP",
			"Joomla"
		],
		"references": [],
		"author": "OWASP",
		"notes": null
	},
	{
		"url": "http://pctechtips.org/hacker-challenge-pwn3d-the-login-form/",
		"name": "Hacker Challenge",
		"technology": [],
		"references": [],
		"author": "PCTechtips",
		"notes": null
	},
	{
		"url": "http://hackazon.webscantest.com/",
		"name": "Hackazon",
		"technology": [
			"AJAX",
			"JSON",
			"XML",
			"GwT",
			"AMF"
		],
		"references": [
			{
				"Name": "download",
				"URL": "https://github.com/rapid7/hackazon"
			}
		],
		"author": "Rapid7 (NTObjectives)",
		"notes": null
	},
	{
		"url": "https://www.hacking-lab.com/events/registerform.html?eventid=245",
		"name": "Hacking Lab",
		"technology": [],
		"references": [],
		"author": "Hacking Lab",
		"notes": null
	},
	{
		"url": "https://hack.me",
		"name": "Hack.me",
		"technology": [],
		"references": [],
		"author": "eLearnSecurity",
		"notes": "Beta"
	},
	{
		"url": "http://www.hackthissite.org",
		"name": "HackThisSite HackThisSite",
		"technology": [],
		"references": [],
		"author": null,
		"notes": "Basic & Realistic (web) Missions"
	},
	{
		"url": " https://www.hackthis.co.uk/",
		"name": "HackThis",
		"technology": [
			"PHP"
		],
		"references": [
			{
				"Name": "download",
				"URL": "https://github.com/HackThis/hackthis.co.uk"
			}
		],
		"author": "Luke Ward (0x6C77)",
		"notes": null
	},
	{
		"url": "https://hackxor.net",
		"name": "hackxor",
		"technology": [],
		"references": [],
		"author": "albinowax",
		"notes": "Web application hacking game via missions, based on real vulnerabilities."
	},
	{
		"url": "http://hackyourselffirst.troyhunt.com/",
		"name": "HackYourselfFirst",
		"technology": [],
		"references": [
			{
				"Name": "guide",
				"URL": "https://www.troyhunt.com/hack-yourself-first-how-to-go-on/"
			}
		],
		"author": "Troy Hunt",
		"notes": null
	},
	{
		"url": "https://juice-shop.herokuapp.com",
		"name": "Juice Shop",
		"technology": [
			"Javascript"
		],
		"references": [],
		"author": "OWASP",
		"notes": "Demo instance. Do not use for massive attacks/scans!"
	},
	{
		"url": "http://aspnet.testsparker.com/",
		"name": "Netsparker Test App .NET",
		"technology": [
			"ASP.NET"
		],
		"references": [],
		"author": "Netsparker",
		"notes": null
	},
	{
		"url": "http://php.testsparker.com/",
		"name": "Netsparker Test App PHP",
		"technology": [
			"PHP"
		],
		"references": [],
		"author": "Netsparker",
		"notes": null
	},
	{
		"url": "http://pentesteracademylab.appspot.com",
		"name": "Pentester Academy",
		"technology": [],
		"references": [],
		"author": null,
		"notes": null
	},
	{
		"url": "http://testhtml5.vulnweb.com/",
		"name": "Security Tweets",
		"technology": [],
		"references": [],
		"author": "Acunetix",
		"notes": "HTML5"
	},
	{
		"url": "http://racetheweb.io/bank",
		"name": "Race The Web",
		"technology": [],
		"references": [
			{
				"Name": "download",
				"URL": "https://github.com/insp3ctre/race-the-web"
			}
		],
		"author": "insp3ctre",
		"notes": null
	},
	{
		"url": "http://solyd.com.br/treinamentos/introducao-ao-hacking-e-pentest",
		"name": "Solyd - Introdução ao Hacking e Pentest",
		"technology": [
			"PHP",
			"Linux"
		],
		"references": [],
		"author": "Solyd",
		"notes": "In Portuguese (Português) - Free online trainning with free online lab"
	},
	{
		"url": "http://vicnum.ciphertechs.com",
		"name": "Vicnum Project",
		"technology": [
			"Perl",
			"PHP"
		],
		"references": [],
		"author": null,
		"notes": null
	},
	{
		"url": "http://www.webscantest.com",
		"name": "Web Scanner Test Site",
		"technology": [],
		"references": [],
		"author": "Rapid7 appspider (was NTOSpider)",
		"notes": "(testuser/testpass)"
	},
	{
		"url": "http://blasze.com/xsstestsuite/",
		"name": "XSS Test Suite",
		"technology": [],
		"references": [],
		"author": null,
		"notes": null
	},
	{
		"url": "http://zero.webappsecurity.com/",
		"name": "Zero Bank",
		"technology": [],
		"references": [],
		"author": "HP/SpiDynamics",
		"notes": "(admin/admin)"
	}
]
