[
	{
		"url": "http://www.badstore.net/",
		"name": "BadStore",
		"technology": [
			"ISO"
		],
		"references": [
			{
				"name": "download",
				"url": "http://www.badstore.net/register.htm"
			}
		],
		"author": null,
		"notes": null
	},
	{
		"url": "http://sourceforge.net/projects/bwapp/files/bee-box/",
		"name": "Bee-Box",
		"technology": [
			"VMware"
		],
		"references": [],
		"author": null,
		"notes": null
	},
	{
		"url": "https://www.owasp.org/index.php/OWASP_Broken_Web_Applications_Project",
		"name": "(OWASP) Broken Web Applications Project (BWA)",
		"technology": [
			"VMware"
		],
		"references": [
			{
				"name": "download",
				"url": "https://github.com/chuckfw/owaspbwa/"
			},
			{
				"name": "download",
				"url": "https://sourceforge.net/projects/owaspbwa/files/"
			}
		],
		"author": "OWASP - Chuck Willis",
		"notes": null
	},
	{
		"url": "https://bechtsoudis.com/work-stuff/challenges/drunk-admin-web-hacking-challenge/",
		"name": "Drunk Admin Web Hacking Challenge",
		"technology": [
			"VMware"
		],
		"references": [
			{
				"name": "download",
				"url": "http://bechtsoudis.com/data/challenges/drunk_admin_hacking_challenge.zip"
			}
		],
		"author": null,
		"notes": null
	},
	{
		"url": "http://exploit.co.il/projects/vuln-web-app/",
		"name": "Exploit.co.il Vuln Web App",
		"technology": [
			"VMware"
		],
		"references": [
			{
				"name": "download",
				"url": "http://sourceforge.net/projects/exploitcoilvuln/files/"
			}
		],
		"author": null,
		"notes": null
	},
	{
		"url": "http://sourceforge.net/projects/null-gameover/",
		"name": "GameOver",
		"technology": [
			"VMware"
		],
		"references": [
			{
				"name": "download",
				"url": "http://sourceforge.net/projects/null-gameover/files/"
			}
		],
		"author": null,
		"notes": null
	},
	{
		"url": "http://hackxor.sourceforge.net/cgi-bin/index.pl",
		"name": "Hackxor",
		"technology": [
			"VMware"
		],
		"references": [
			{
				"name": "download",
				"url": "http://sourceforge.net/projects/hackxor/files/"
			},
			{
				"name": "guide",
				"url": "http://hackxor.sourceforge.net/cgi-bin/hints.pl"
			}
		],
		"author": null,
		"notes": null
	},
	{
		"url": "http://ninja-sec.com/index.php/hacme-bank-prebuilt-vmware-image-ninja-sec-com/",
		"name": "Hacme Bank Prebuilt VM",
		"technology": [
			"VMware"
		],
		"references": [
			{
				"name": "download",
				"url": "http://dc121.4shared.com/download/wwPhUxMQ/hackme_bank_vm_Ninja-Sec.zip"
			}
		],
		"author": null,
		"notes": null
	},
	{
		"url": "http://www.kioptrix.com/blog/?p=604",
		"name": "Kioptrix4",
		"technology": [
			"VMware",
			"Hyper-V"
		],
		"references": [
			{
				"name": "download",
				"url": "http://www.kioptrix.com/dlvm/Kioptrix4_vmware.rar"
			}
		],
		"author": null,
		"notes": null
	},
	{
		"url": "http://sourceforge.net/projects/lampsecurity/",
		"name": "LAMPSecurity",
		"technology": [
			"VMware"
		],
		"references": [
			{
				"name": "download",
				"url": "http://sourceforge.net/projects/lampsecurity/files/ "
			}
		],
		"author": null,
		"notes": null
	},
	{
		"url": "https://community.rapid7.com/docs/DOC-1875",
		"name": "Metasploitable 2",
		"technology": [
			"VMware"
		],
		"references": [
			{
				"name": "download",
				"url": "https://sourceforge.net/projects/metasploitable/files/Metasploitable2/"
			}
		],
		"author": null,
		"notes": null
	},
	{
		"url": "https://github.com/rapid7/metasploitable3/wiki/Vulnerabilities",
		"name": "Metasploitable 3",
		"technology": [
			"VMware"
		],
		"references": [
			{
				"name": "download",
				"url": "https://github.com/rapid7/metasploitable3"
			}
		],
		"author": null,
		"notes": null
	},
	{
		"url": "http://www.bonsai-sec.com/en/research/moth.php",
		"name": "Moth",
		"technology": [
			"VMware"
		],
		"references": [
			{
				"name": "download",
				"url": "http://sourceforge.net/projects/w3af/files/moth/moth/"
			}
		],
		"author": null,
		"notes": null
	},
	{
		"url": "https://www.pentesterlab.com/exercises/",
		"name": "PentesterLab - The Exercises",
		"technology": [
			"ISO",
			"PDF"
		],
		"references": [],
		"author": null,
		"notes": null
	},
	{
		"url": "http://phdays.blogspot.com.es/2012/05/once-again-about-remote-banking.html",
		"name": "PHDays I-Bank",
		"technology": [
			"VMware"
		],
		"references": [
			{
				"name": "download",
				"url": "http://downloads.phdays.com/phdays_ibank_vm.zip"
			}
		],
		"author": null,
		"notes": null
	},
	{
		"url": "https://hub.docker.com/r/deadrobots/pixi/",
		"name": "Pixi (OWASP)",
		"technology": [
			"Docker",
			"MEAN Stack"
		],
		"references": [
			{
				"name": "download",
				"url": "https://github.com/thedeadrobots/pixi"
			},
			{
				"name": "guide",
				"url": "https://www.slideshare.net/TanyaJanca/api-and-web-service-hacking-with-pixi-part-of-owasp-devslop"
			},
			{
				"name": "youtube",
				"url": "https://www.youtube.com/watch?v=td-2rN4PgRw"
			}
		],
		"author": "thedeadrobots",
		"notes": null
	},
	{
		"url": "http://www.samurai-wtf.org/",
		"name": "Samurai WTF",
		"technology": [
			"ISO"
		],
		"references": [
			{
				"name": "download",
				"url": "http://sourceforge.net/projects/samurai/files/"
			}
		],
		"author": null,
		"notes": null
	},
	{
		"url": "http://sg6-labs.blogspot.com/2007/12/secgame-1-sauron.html",
		"name": "Sauron",
		"technology": [
			"Quemu"
		],
		"references": [
			{
				"name": "download",
				"url": "http://sg6-labs.blogspot.com/search/label/SecGame"
			}
		],
		"author": null,
		"notes": null
	},
	{
		"url": "http://sourceforge.net/projects/virtualhacking/",
		"name": "Virtual Hacking Lab",
		"technology": [
			"ZIP"
		],
		"references": [
			{
				"name": "download",
				"url": "http://sourceforge.net/projects/virtualhacking/files/"
			}
		],
		"author": null,
		"notes": null
	},
	{
		"url": "http://www.mavensecurity.com/web_security_dojo/",
		"name": "Web Security Dojo",
		"technology": [
			"VMware",
			"VirtualBox"
		],
		"references": [
			{
				"name": "download",
				"url": "http://sourceforge.net/projects/websecuritydojo/files/"
			}
		],
		"author": null,
		"notes": null
	},
	{
		"url": "http://www.ethicalhack3r.co.uk/wordpress-cd/",
		"name": "WordPress CD]",
		"technology": [
			"VirtualBox"
		],
		"references": [
			{
				"name": "download",
				"url": "http://www.ethicalhack3r.co.uk/wpcd/WPCD.ova"
			}
		],
		"author": "ethicalhack3r",
		"notes": null
	},
	{
		"url": "http://xxe.sourceforge.net/",
		"name": "XXE",
		"technology": [
			"VMware"
		],
		"references": [
			{
				"name": "download",
				"url": "http://sourceforge.net/projects/xxe/files/"
			}
		],
		"author": null,
		"notes": null
	}
]
